Elvira,Mault,emault0@google.it
Matthus,Nesey,mnesey1@phpbb.com
Camilla,Hitscher,chitscher2@gov.uk
Diannne,Eddison,deddison3@ustream.tv
Annalee,Milkins,amilkins4@cdc.gov
Mamie,Robbs,mrobbs5@blogs.com
Kermie,Heineking,kheineking6@cdbaby.com
Nikolai,Woolmer,nwoolmer7@phoca.cz
Riley,Aronovitz,raronovitz8@virginia.edu
Dido,Brugemann,dbrugemann9@businessweek.com
Hamid,Inker,hinkera@edublogs.org
Sydney,Breitling,sbreitlingb@wikipedia.org
Meris,De Witt,mdewittc@bloglovin.com
Brendon,Bellard,bbellardd@vinaora.com
Desiri,Dobel,ddobele@weebly.com
Maud,Bleackley,mbleackleyf@opensource.org
Lilah,Heazel,lheazelg@ox.ac.uk
Virginia,Becconsall,vbecconsallh@wufoo.com
Care,Penbarthy,cpenbarthyi@google.com.au
Melinde,Simic,msimicj@acquirethisname.com
Keri,Luffman,kluffmank@hostgator.com
Cherin,Krienke,ckrienkel@baidu.com
Casper,Matschuk,cmatschukm@accuweather.com
Walton,Glencross,wglencrossn@mapquest.com
Welbie,Boatright,wboatrighto@imageshack.us
Danella,Stoffer,dstofferp@blogspot.com
Klaus,Legier,klegierq@symantec.com
Noe,Luto,nlutor@imageshack.us
Niccolo,Sharples,nsharpless@time.com
Shelton,Larne,slarnet@addthis.com
Blinnie,Gathwaite,bgathwaiteu@comcast.net
Briney,O´Hannay,bohannayv@paginegialle.it
Herbie,Side,hsidew@pcworld.com
Conan,Cryer,ccryerx@youtube.com
Stanley,Conyard,sconyardy@soup.io
Ilyssa,Strathdee,istrathdeez@odnoklassniki.ru
Terrill,Labern,tlabern10@over-blog.com
Gretchen,Capin,gcapin11@issuu.com
Elysha,Schouthede,eschouthede12@surveymonkey.com
Stefania,Caruth,scaruth13@amazon.co.uk
Napoleon,Readshall,nreadshall14@dagondesign.com
Alexei,Loughren,aloughren15@facebook.com
Symon,Cauldwell,scauldwell16@deviantart.com
Tanner,Surcombe,tsurcombe17@wp.com
Raynell,Dixon,rdixon18@spotify.com
Chrotoem,Leppingwell,cleppingwell19@soup.io
Lind,Handke,lhandke1a@google.com.hk
Hilliary,Piddlehinton,hpiddlehinton1b@github.com
Charlton,Decreuze,cdecreuze1c@illinois.edu
Konrad,Braghini,kbraghini1d@ucoz.ru
Rurik,Duplain,rduplain1e@topsy.com
Bram,Hegarty,bhegarty1f@etsy.com
Rand,Burridge,rburridge1g@so-net.ne.jp
Russ,Petrak,rpetrak1h@washington.edu
Dukie,Portail,dportail1i@admin.ch
Wayland,Girke,wgirke1j@163.com
Marietta,Founds,mfounds1k@oaic.gov.au
Dorothy,Chaplin,dchaplin1l@google.cn
Roxi,Ternouth,rternouth1m@google.com.br
Lemmie,Lemmers,llemmers1n@friendfeed.com
Aylmar,Hunnicot,ahunnicot1o@icq.com
Lonnie,Martynikhin,lmartynikhin1p@ox.ac.uk
Ariana,Davidove,adavidove1q@livejournal.com
Mikol,Billing,mbilling1r@scientificamerican.com
Irvine,Chennells,ichennells1s@skype.com
Janek,Kennermann,jkennermann1t@ucoz.ru
Cami,Cymper,ccymper1u@about.com
Casar,Panons,cpanons1v@deviantart.com
Terence,Flea,tflea1w@weebly.com
Ches,Wix,cwix1x@gizmodo.com
Abagail,Roddan,aroddan1y@shutterfly.com
Noel,Chaston,nchaston1z@washington.edu
Jeane,Grolle,jgrolle20@patch.com
Abby,O´Keefe,aokeefe21@dropbox.com
Rachael,Oggers,roggers22@trellian.com
Angie,Wrightham,awrightham23@slashdot.org
Lockwood,Gypps,lgypps24@linkedin.com
Astrix,Teideman,ateideman25@comcast.net
Tomasine,Farfull,tfarfull26@tiny.cc
Zulema,Ianizzi,zianizzi27@wikia.com
Reinhold,Ungerechts,rungerechts28@tuttocitta.it
Frederico,Le Blanc,fleblanc29@nature.com
Nickie,Lenin,nlenin2a@bravesites.com
Giffie,Gilardoni,ggilardoni2b@smh.com.au
Wilton,Giottini,wgiottini2c@4shared.com
Zedekiah,Horley,zhorley2d@cafepress.com
Ansel,Jordon,ajordon2e@cpanel.net
Alicea,Borleace,aborleace2f@admin.ch
Fern,Loud,floud2g@mysql.com
Viva,Salvage,vsalvage2h@biglobe.ne.jp
Irwin,Meas,imeas2i@huffingtonpost.com
Paulita,Plowes,pplowes2j@storify.com
Aime,Timmens,atimmens2k@printfriendly.com
Cherey,Sturney,csturney2l@stanford.edu
Bret,Doogood,bdoogood2m@vkontakte.ru
Rutger,Trower,rtrower2n@addtoany.com
Currie,Beatty,cbeatty2o@fema.gov
Eduard,Zanardii,ezanardii2p@unc.edu
Mattias,Henriques,mhenriques2q@tripadvisor.com
Hanni,Mullaly,hmullaly2r@europa.eu
Josee,Pacheco,jpacheco2s@cargocollective.com
Armando,Marflitt,amarflitt2t@smh.com.au
Trevor,Blofield,tblofield2u@linkedin.com
Shanie,Nuzzti,snuzzti2v@msu.edu
Sheree,FitzAlan,sfitzalan2w@unc.edu
Noble,Trussman,ntrussman2x@surveymonkey.com
Rourke,Golde,rgolde2y@addtoany.com
Base,Emmerson,bemmerson2z@yolasite.com
Fawne,Crann,fcrann30@weebly.com
Jay,Winsley,jwinsley31@uiuc.edu
Laurel,Barwise,lbarwise32@weather.com
Rakel,Timmermann,rtimmermann33@tinyurl.com
Anabal,Valett,avalett34@hc360.com
Nero,Parslow,nparslow35@rakuten.co.jp
Aubrey,Deftie,adeftie36@weather.com
Darline,Omar,domar37@mashable.com
Adolpho,Kaye,akaye38@bizjournals.com
Lucie,Pittway,lpittway39@deviantart.com
Holly-anne,Blagbrough,hblagbrough3a@theatlantic.com
Doy,Croutear,dcroutear3b@technorati.com
Karna,Sherr,ksherr3c@networksolutions.com
Granger,Pawden,gpawden3d@tumblr.com
Kalil,Harmeston,kharmeston3e@ucoz.com
Alla,Pick,apick3f@patch.com
Ardyth,Bereford,abereford3g@privacy.gov.au
Adrianne,Reay,areay3h@wikispaces.com
Cob,Jirus,cjirus3i@spotify.com
Archibaldo,Jaher,ajaher3j@paginegialle.it
Meryl,Francis,mfrancis3k@ucla.edu
Kalila,Blinerman,kblinerman3l@washingtonpost.com
Victor,Guilloton,vguilloton3m@devhub.com
Elizabet,Jovovic,ejovovic3n@cyberchimps.com
Torry,Jevons,tjevons3o@google.it
Roch,Upsale,rupsale3p@mozilla.org
Bone,Iwanczyk,biwanczyk3q@symantec.com
Mariette,Jarret,mjarret3r@blinklist.com
Cristionna,Youel,cyouel3s@gizmodo.com
Dannel,Corkill,dcorkill3t@google.co.uk
Pen,Nelhams,pnelhams3u@huffingtonpost.com
Ricki,Boreland,rboreland3v@digg.com
Angelico,Kimbell,akimbell3w@over-blog.com
Wiatt,Sissons,wsissons3x@sphinn.com
Gigi,Gillino,ggillino3y@aboutads.info
Dottie,Etheridge,detheridge3z@list-manage.com
Cesya,Leveret,cleveret40@cam.ac.uk
Ruggiero,Gallone,rgallone41@canalblog.com
Shamus,MacCallam,smaccallam42@cocolog-nifty.com
Darcy,Di Bartolomeo,ddibartolomeo43@sbwire.com
Bunnie,Holcroft,bholcroft44@4shared.com
Allan,Siaskowski,asiaskowski45@ox.ac.uk
Sherrie,Wyrill,swyrill46@canalblog.com
Berni,Bannister,bbannister47@flavors.me
Jilly,Hawes,jhawes48@xrea.com
Lorna,Gilbard,lgilbard49@seattletimes.com
Aubrey,Bumford,abumford4a@noaa.gov
Milzie,Genty,mgenty4b@wisc.edu
Bruce,Jean,bjean4c@linkedin.com
Yard,Grahame,ygrahame4d@toplist.cz
Brita,Stearndale,bstearndale4e@freewebs.com
Gussie,Starbucke,gstarbucke4f@msn.com
Richard,Burnhams,rburnhams4g@tumblr.com
Antin,Bradane,abradane4h@ebay.com
Alyce,Morrell,amorrell4i@tinyurl.com
Eugenia,Aldcorne,ealdcorne4j@omniture.com
Loraine,Coarser,lcoarser4k@foxnews.com
Silvano,Grimsditch,sgrimsditch4l@yale.edu
Aldus,Bemlott,abemlott4m@opensource.org
Mile,Sadlier,msadlier4n@myspace.com
Gnni,Barnewall,gbarnewall4o@pinterest.com
Lyndy,Eteen,leteen4p@icio.us
Colette,Imlach,cimlach4q@discovery.com
Taddeusz,Clibbery,tclibbery4r@hubpages.com
Fields,Kyrkeman,fkyrkeman4s@home.pl
Camila,Missenden,cmissenden4t@twitpic.com
Hayley,Roddie,hroddie4u@joomla.org
Vincent,Donne,vdonne4v@prlog.org
Ursala,Cowling,ucowling4w@sciencedirect.com
Stacey,Skill,sskill4x@privacy.gov.au
Gregg,Camillo,gcamillo4y@qq.com
Ilaire,Taylor,itaylor4z@imdb.com
Agace,Checcuzzi,acheccuzzi50@qq.com
Luci,Stiling,lstiling51@oracle.com
Sherill,Bidewel,sbidewel52@google.com.au
Martainn,Dran,mdran53@paginegialle.it
Cindee,Merioth,cmerioth54@gnu.org
Tabby,Ridges,tridges55@stanford.edu
Radcliffe,Coverlyn,rcoverlyn56@zimbio.com
Haleigh,Dougliss,hdougliss57@woothemes.com
Joice,Westnage,jwestnage58@pcworld.com
Constancia,O´Fallone,cofallone59@google.de
Rose,Sherrin,rsherrin5a@smugmug.com
Ashlan,Puvia,apuvia5b@adobe.com
Faina,Dally,fdally5c@wiley.com
Woody,Fellgate,wfellgate5d@imgur.com
Alleen,Meffin,ameffin5e@ebay.com
Barn,McDougall,bmcdougall5f@clickbank.net
Gratiana,Lippo,glippo5g@a8.net
Guglielma,Smaleman,gsmaleman5h@hugedomains.com
Penny,Noyes,pnoyes5i@mozilla.org
Elke,Abrahams,eabrahams5j@altervista.org
Ezequiel,Coggill,ecoggill5k@admin.ch
Florella,Nye,fnye5l@scientificamerican.com
Ferd,Filisov,ffilisov5m@wired.com
Neile,Kewzick,nkewzick5n@ehow.com
Jemmy,Lilliman,jlilliman5o@nydailynews.com
Daphna,Stucke,dstucke5p@wikipedia.org
Ashlee,Pudner,apudner5q@adobe.com
Horst,Beaton,hbeaton5r@ft.com
Francesca,Janson,fjanson5s@usatoday.com
Ingeborg,Gwyllt,igwyllt5t@cdc.gov
Klaus,Fazakerley,kfazakerley5u@etsy.com
August,Eskriet,aeskriet5v@thetimes.co.uk
Josephine,Antonutti,jantonutti5w@pinterest.com
Ruben,Hansen,rhansen5x@canalblog.com
Noble,Matitiaho,nmatitiaho5y@alexa.com
Giuseppe,Surridge,gsurridge5z@harvard.edu
Kristan,Parsand,kparsand60@yale.edu
Emelda,Christol,echristol61@ehow.com
Russell,Cassella,rcassella62@instagram.com
Tonia,Beirne,tbeirne63@theatlantic.com
Weylin,Duffus,wduffus64@shareasale.com
Emogene,Dunstone,edunstone65@squarespace.com
Tamar,Perview,tperview66@chicagotribune.com
Bondie,Dinsell,bdinsell67@yandex.ru
Aldwin,Thomesson,athomesson68@trellian.com
Aldrich,Skahill,askahill69@parallels.com
Gustavus,Fullerd,gfullerd6a@arizona.edu
Waldo,Rosenstock,wrosenstock6b@netvibes.com
Maxie,Cousin,mcousin6c@google.it
Sosanna,Spencock,sspencock6d@cmu.edu
Lamar,Smallwood,lsmallwood6e@flavors.me
Friederike,Vigors,fvigors6f@utexas.edu
Becka,Glasser,bglasser6g@virginia.edu
Jarid,Poulston,jpoulston6h@lulu.com
Silvio,Purseglove,spurseglove6i@mtv.com
Cesaro,O´Sullivan,cosullivan6j@exblog.jp
Dahlia,Lafay,dlafay6k@house.gov
Kaleb,Vlasin,kvlasin6l@mashable.com
Normy,MacBain,nmacbain6m@cnn.com
Chas,Quemby,cquemby6n@t-online.de
Chucho,Belding,cbelding6o@ebay.com
Roxi,McNeish,rmcneish6p@pagesperso-orange.fr
Barnett,Odeson,bodeson6q@sohu.com
Tallia,Jacqueminet,tjacqueminet6r@prnewswire.com
Duncan,Barthorpe,dbarthorpe6s@g.co
Bea,Wrankmore,bwrankmore6t@deliciousdays.com
Winnie,Collyns,wcollyns6u@mapy.cz
Brietta,Philipp,bphilipp6v@aboutads.info
Gal,Gauge,ggauge6w@feedburner.com
Carlo,Noke,cnoke6x@businesswire.com
Carny,Golson,cgolson6y@amazon.co.uk
Field,Foker,ffoker6z@issuu.com
Rodger,Thomasson,rthomasson70@redcross.org
Tiphany,Akerman,takerman71@webmd.com
Issy,Bugge,ibugge72@soup.io
Miguel,Boord,mboord73@gmpg.org
Efrem,Pickvance,epickvance74@ow.ly
Charissa,Frobisher,cfrobisher75@youtu.be
Linnea,Chinnery,lchinnery76@sbwire.com
Jolee,Corck,jcorck77@vistaprint.com
Abba,McGinnell,amcginnell78@scribd.com
Richart,Bodemeaid,rbodemeaid79@zimbio.com
Randal,Blasli,rblasli7a@nyu.edu
Nicol,Vidyapin,nvidyapin7b@nature.com
Nefen,Simo,nsimo7c@devhub.com
Nannie,Portal,nportal7d@eventbrite.com
Melita,Englefield,menglefield7e@ucoz.ru
Wilona,O´Flynn,woflynn7f@nps.gov
Alford,Bayston,abayston7g@indiegogo.com
Massimo,Limer,mlimer7h@miitbeian.gov.cn
Laurena,Kuhn,lkuhn7i@opensource.org
Fanni,Mac,fmac7j@acquirethisname.com
Coleman,Tackett,ctackett7k@cnn.com
Vincenty,MacLure,vmaclure7l@phpbb.com
Kalindi,Stockford,kstockford7m@google.nl
Kiley,Cornick,kcornick7n@networksolutions.com
Harmonie,Farrar,hfarrar7o@nature.com
Carita,Gomer,cgomer7p@dmoz.org
Livvie,Brosini,lbrosini7q@reverbnation.com
Cornie,Tremaine,ctremaine7r@hubpages.com
Marion,Arbon,marbon7s@naver.com
Aluino,Korejs,akorejs7t@over-blog.com
Elva,Burwood,eburwood7u@yellowpages.com
Cordey,Hallatt,challatt7v@naver.com
Lorene,Farnaby,lfarnaby7w@jalbum.net
Caril,Delatour,cdelatour7x@npr.org
Loren,Pfeffel,lpfeffel7y@facebook.com
Eberto,Lumsdall,elumsdall7z@salon.com
Leonid,Southern,lsouthern80@economist.com
Pammie,Ricold,pricold81@exblog.jp
Minne,Antoinet,mantoinet82@parallels.com
Stafford,Richt,sricht83@mashable.com
Ellswerth,Shepley,eshepley84@paginegialle.it
Briano,Armal,barmal85@digg.com
Blythe,Bernhard,bbernhard86@techcrunch.com
Dyanna,Byart,dbyart87@bloglovin.com
Fidela,Cinderey,fcinderey88@privacy.gov.au
Arty,Corday,acorday89@tamu.edu
Devondra,Shewsmith,dshewsmith8a@symantec.com
Modestine,Maliphant,mmaliphant8b@scribd.com
Vida,Climo,vclimo8c@drupal.org
Pattie,Manion,pmanion8d@usgs.gov
Bernhard,Lanktree,blanktree8e@nsw.gov.au
Jeanie,Attwooll,jattwooll8f@tripod.com
Jourdan,Lowdiane,jlowdiane8g@123-reg.co.uk
Richart,Aslet,raslet8h@umich.edu
Savina,Beinisch,sbeinisch8i@dyndns.org
Tommi,Bare,tbare8j@liveinternet.ru
Bea,Buxey,bbuxey8k@yahoo.co.jp
Barnaby,Ost,bost8l@bizjournals.com
Gerrie,Ivashkov,givashkov8m@networkadvertising.org
Valera,MacMenamy,vmacmenamy8n@springer.com
Gregoor,Marsters,gmarsters8o@xinhuanet.com
Shirlene,Thrustle,sthrustle8p@devhub.com
Ursa,Vivash,uvivash8q@freewebs.com
Saunders,Prestland,sprestland8r@cdbaby.com
Brian,Boost,bboost8s@vk.com
Pammi,Raubenheimer,praubenheimer8t@issuu.com
Adolph,Gremane,agremane8u@topsy.com
Chariot,Eymor,ceymor8v@netlog.com
Kristen,Joskowitz,kjoskowitz8w@live.com
Susy,Triplett,striplett8x@booking.com
Merrill,Manclark,mmanclark8y@issuu.com
Debee,Stebbings,dstebbings8z@plala.or.jp
Bartholemy,Dransfield,bdransfield90@purevolume.com
Elton,Paolicchi,epaolicchi91@squidoo.com
Letty,Knagges,lknagges92@europa.eu
Luz,Giacopazzi,lgiacopazzi93@usda.gov
Alleen,Gornal,agornal94@intel.com
Kimbra,Gard,kgard95@sakura.ne.jp
Rubi,Ivashin,rivashin96@nytimes.com
Katharina,Di Nisco,kdinisco97@tamu.edu
Reid,Mars,rmars98@cocolog-nifty.com
Valerie,McBryde,vmcbryde99@zdnet.com
Cecil,Hatt,chatt9a@cocolog-nifty.com
Maurise,Luce,mluce9b@com.com
Noe,Genty,ngenty9c@liveinternet.ru
Jeramey,Laroze,jlaroze9d@barnesandnoble.com
Maura,Gravestone,mgravestone9e@independent.co.uk
Garreth,Heare,gheare9f@xrea.com
Glen,Mee,gmee9g@vistaprint.com
Yetty,Creser,ycreser9h@tmall.com
Kath,Meir,kmeir9i@comcast.net
Alva,Shemmans,ashemmans9j@github.io
Vallie,Dudley,vdudley9k@umn.edu
Bari,Frisdick,bfrisdick9l@google.it
Lane,Osmon,losmon9m@boston.com
Vic,Alten,valten9n@pinterest.com
Annadiane,Dooland,adooland9o@wisc.edu
Gina,Effaunt,geffaunt9p@reverbnation.com
Bond,Leversuch,bleversuch9q@microsoft.com
Halie,Cleaves,hcleaves9r@archive.org
Jessi,Warder,jwarder9s@techcrunch.com
Eleonore,Cheeke,echeeke9t@behance.net
Son,Dwyer,sdwyer9u@harvard.edu
Frank,Strood,fstrood9v@rediff.com
Costa,Carnock,ccarnock9w@cam.ac.uk
Rafaelia,Blandamore,rblandamore9x@va.gov
Keri,Rankine,krankine9y@example.com
Carl,Camble,ccamble9z@hubpages.com
Caitrin,Velasquez,cvelasqueza0@ucoz.ru
Tobit,Pitway,tpitwaya1@opensource.org
Rozanna,Conrath,rconratha2@hubpages.com
Toiboid,Gildersleeve,tgildersleevea3@japanpost.jp
Mathe,Roderighi,mroderighia4@google.ru
Bianca,Peplay,bpeplaya5@boston.com
Kinsley,Veltmann,kveltmanna6@ask.com
Ilene,Vondra,ivondraa7@mail.ru
Goddard,Gallico,ggallicoa8@sphinn.com
Abbott,Cordier,acordiera9@ustream.tv
Federica,McKiddin,fmckiddinaa@state.tx.us
Lynnet,Lorente,llorenteab@aboutads.info
Rhoda,Pigne,rpigneac@clickbank.net
Eleanora,Mazzei,emazzeiad@foxnews.com
Kellsie,Portingale,kportingaleae@blog.com
Arlina,Finlay,afinlayaf@wikipedia.org
Sheryl,Maddern,smaddernag@multiply.com
Fayre,Grombridge,fgrombridgeah@gmpg.org
Letti,Carpenter,lcarpenterai@hc360.com
Sharla,Dormer,sdormeraj@about.me
Maryanna,McAlester,mmcalesterak@who.int
Annaliese,Crunkhurn,acrunkhurnal@accuweather.com
Rafaela,Shellsheere,rshellsheeream@springer.com
Analiese,Loges,alogesan@rakuten.co.jp
Tarra,Cowey,tcoweyao@engadget.com
Caleb,Frayn,cfraynap@freewebs.com
Levy,Calley,lcalleyaq@icio.us
Gillan,Garnsey,ggarnseyar@phpbb.com
Augusta,Conaghy,aconaghyas@spotify.com
Cass,Friedenbach,cfriedenbachat@alibaba.com
Meyer,Kleanthous,mkleanthousau@bloglines.com
Nealon,Pagelsen,npagelsenav@japanpost.jp
Cozmo,Menauteau,cmenauteauaw@shutterfly.com
Jory,Antonomoli,jantonomoliax@salon.com
Clerc,Franseco,cfransecoay@weebly.com
Hana,Beake,hbeakeaz@usnews.com
Stormie,Vern,svernb0@google.ca
Sophronia,Kembley,skembleyb1@marketwatch.com
Rossy,Attwater,rattwaterb2@free.fr
Salvador,Sextone,ssextoneb3@bizjournals.com
Marga,Groocock,mgroocockb4@t-online.de
Ambrosius,Beasant,abeasantb5@theglobeandmail.com
Natalya,Waghorn,nwaghornb6@comcast.net
Sula,Della Scala,sdellascalab7@theguardian.com
Augie,Tribbeck,atribbeckb8@tumblr.com
Salem,Lawrinson,slawrinsonb9@sina.com.cn
Edlin,Bassom,ebassomba@ask.com
Peri,Beames,pbeamesbb@elpais.com
Gaile,Burnsides,gburnsidesbc@moonfruit.com
Kellyann,Dransfield,kdransfieldbd@lulu.com
Lilas,Tieraney,ltieraneybe@google.es
Andros,Engall,aengallbf@wiley.com
Jodie,Booy,jbooybg@exblog.jp
Marcelline,Vlach,mvlachbh@ucoz.com
Prudy,Jakubovics,pjakubovicsbi@alexa.com
Isaac,Gerring,igerringbj@eventbrite.com
Beth,Gainseford,bgainsefordbk@shinystat.com
Ainsley,Dmtrovic,admtrovicbl@google.fr
Daveen,Bartoszewicz,dbartoszewiczbm@youku.com
Babbette,Merrgen,bmerrgenbn@apple.com
Ofelia,Gauvain,ogauvainbo@deviantart.com
Sophia,McCormick,smccormickbp@bizjournals.com
Ashlan,Rofe,arofebq@unicef.org
Lucilia,Mouland,lmoulandbr@wikimedia.org
Magnum,Doughton,mdoughtonbs@loc.gov
Amalie,Alleburton,aalleburtonbt@bizjournals.com
Barbara-anne,Inglesent,binglesentbu@amazonaws.com
Leontine,Capey,lcapeybv@mayoclinic.com
Debra,Atto,dattobw@nature.com
Claudia,Snape,csnapebx@studiopress.com
Nikolos,Rigg,nriggby@macromedia.com
Rora,Letford,rletfordbz@who.int
Gordy,Rangall,grangallc0@theglobeandmail.com
Mario,Bartunek,mbartunekc1@symantec.com
Melisse,Ghidelli,mghidellic2@auda.org.au
Conway,Keating,ckeatingc3@istockphoto.com
Sophia,Manuaud,smanuaudc4@jimdo.com
Sheeree,Duncklee,sdunckleec5@photobucket.com
Brnaba,Crocetti,bcrocettic6@ed.gov
Kile,Grove,kgrovec7@1und1.de
Biron,Lutsch,blutschc8@webmd.com
Carole,Fiveash,cfiveashc9@who.int
Nolie,Dimnage,ndimnageca@ted.com
Mikaela,De Vuyst,mdevuystcb@booking.com
Iona,Farnsworth,ifarnsworthcc@berkeley.edu
Kinny,Nuzzi,knuzzicd@fotki.com
Eileen,Tourmell,etourmellce@bloomberg.com
Iggy,MacIlhargy,imacilhargycf@naver.com
Jarrad,Tiuit,jtiuitcg@theglobeandmail.com
Kristopher,Burgoine,kburgoinech@dell.com
Adina,Ramsden,aramsdenci@spiegel.de
Hussein,Kilbourn,hkilbourncj@wsj.com
Pearla,Storms,pstormsck@51.la
Griff,Ducarne,gducarnecl@whitehouse.gov
Susy,Marfield,smarfieldcm@yale.edu
Angus,Cottee,acotteecn@paypal.com
Normie,Stallybrass,nstallybrassco@engadget.com
Charles,Benedicto,cbenedictocp@noaa.gov
Ardys,Seczyk,aseczykcq@squidoo.com
Mellie,O´Crevy,mocrevycr@dot.gov
Jeth,Tutt,jtuttcs@fema.gov
Cassey,Coning,cconingct@biblegateway.com
Tully,Fishburn,tfishburncu@berkeley.edu
Cacilie,Whelpton,cwhelptoncv@wunderground.com
Bobbette,Willimott,bwillimottcw@over-blog.com
Charin,Tippings,ctippingscx@epa.gov
Lenka,McLenaghan,lmclenaghancy@intel.com
Murray,Fassan,mfassancz@about.com
Lise,Gamlyn,lgamlynd0@sfgate.com
Kylie,Jaggers,kjaggersd1@163.com
Klarika,Dyson,kdysond2@homestead.com
Dannie,Touzey,dtouzeyd3@goo.gl
Amby,Bish,abishd4@google.it
Sky,Grigolli,sgrigollid5@youku.com
Eirena,Poundsford,epoundsfordd6@youtu.be
Lorenzo,Tapin,ltapind7@mlb.com
Elsey,Crosscombe,ecrosscombed8@nationalgeographic.com
Terence,Munden,tmundend9@instagram.com
Averill,Kedslie,akedslieda@macromedia.com
Donall,Slatcher,dslatcherdb@cbslocal.com
Dasha,Harriskine,dharriskinedc@furl.net
Lionello,Graber,lgraberdd@marriott.com
Lucinda,Lescop,llescopde@pen.io
Adrien,Gunderson,agundersondf@tmall.com
Noam,Rawsthorne,nrawsthornedg@wufoo.com
Marvin,Alejandri,malejandridh@techcrunch.com
Flem,Kennion,fkenniondi@sfgate.com
Pearl,Hailston,phailstondj@wordpress.org
Holmes,Copnar,hcopnardk@shutterfly.com
Min,Feld,mfelddl@examiner.com
Gerianna,Danelutti,gdaneluttidm@infoseek.co.jp
Jocelyn,Jordanson,jjordansondn@blogtalkradio.com
Luelle,Peealess,lpeealessdo@livejournal.com
Garvy,Cordelet,gcordeletdp@nydailynews.com
Syd,Marrows,smarrowsdq@rakuten.co.jp
Luce,Pavkovic,lpavkovicdr@wp.com
Hector,Edmondson,hedmondsonds@gov.uk
Marilin,De Banke,mdebankedt@indiegogo.com
Sheba,McDougald,smcdougalddu@nyu.edu
Lanita,Topper,ltopperdv@purevolume.com
Stanton,Ruff,sruffdw@techcrunch.com
Heinrick,Milington,hmilingtondx@cyberchimps.com
Perry,Plester,pplesterdy@bigcartel.com
Gloriane,Claeskens,gclaeskensdz@weather.com
Antone,Pearcey,apearceye0@qq.com
Shirl,Gilstoun,sgilstoune1@blogs.com
Felicity,Freed,ffreede2@usatoday.com
Keane,Siebert,ksieberte3@walmart.com
Ryan,Dennes,rdennese4@stumbleupon.com
Hillier,May,hmaye5@vinaora.com
Oswald,Kinker,okinkere6@usda.gov
D´arcy,Raddish,draddishe7@alibaba.com
Enrichetta,Wraight,ewraighte8@psu.edu
Shina,Rossiter,srossitere9@cdbaby.com
Hamnet,Petrushkevich,hpetrushkevichea@sourceforge.net
Marja,Rumbold,mrumboldeb@google.co.jp
Jorry,Burrow,jburrowec@tripadvisor.com
Cyrus,Minton,cmintoned@discuz.net
Daile,Housden,dhousdenee@senate.gov
Mufi,Laxston,mlaxstonef@ebay.co.uk
Tito,Hoffman,thoffmaneg@mayoclinic.com
Milissent,Butterfield,mbutterfieldeh@wisc.edu
Royce,Oneil,roneilei@google.it
Anne-marie,Bramwell,abramwellej@theguardian.com
Pete,Freddi,pfreddiek@ucla.edu
Oneida,Phythien,ophythienel@lycos.com
Ned,Pinkstone,npinkstoneem@blinklist.com
Eleni,Catherine,ecatherineen@altervista.org
Kinny,Bricksey,kbrickseyeo@prweb.com
Babara,Masser,bmasserep@msn.com
Helena,Dight,hdighteq@ucla.edu
Nefen,Poland,npolander@bbc.co.uk
Birgitta,Erricker,berrickeres@behance.net
Rozamond,Labbez,rlabbezet@storify.com
Franciska,Donnan,fdonnaneu@gov.uk
Micky,Jasiak,mjasiakev@biblegateway.com
Belinda,Brewers,bbrewersew@phpbb.com
Lisette,Castanares,lcastanaresex@e-recht24.de
Leia,Vest,lvestey@seesaa.net
Ilaire,Sobtka,isobtkaez@google.com.au
Hasheem,Byass,hbyassf0@globo.com
Olivier,Bloodworthe,obloodworthef1@hp.com
Marlene,Wrightam,mwrightamf2@mozilla.org
Angy,Perryn,aperrynf3@wsj.com
Ina,Elcocks,ielcocksf4@privacy.gov.au
Krishna,Tarn,ktarnf5@geocities.com
Jillene,Mepham,jmephamf6@usatoday.com
Myrah,Pechold,mpecholdf7@ibm.com
Agathe,Guidone,aguidonef8@nytimes.com
Jervis,Demogeot,jdemogeotf9@google.com
Hesther,Hardisty,hhardistyfa@pcworld.com
Wolfie,Rojahn,wrojahnfb@unc.edu
Elsey,Pancoust,epancoustfc@wordpress.com
Matty,Cattel,mcattelfd@ovh.net
Ashely,Broadey,abroadeyfe@census.gov
Patricia,Titford,ptitfordff@cornell.edu
Kain,Poizer,kpoizerfg@ovh.net
Darrin,Byway,dbywayfh@amazon.com
Ardelis,Bertomier,abertomierfi@mtv.com
Jervis,Baynon,jbaynonfj@storify.com
Kenny,Mold,kmoldfk@stumbleupon.com
Jodee,Humberston,jhumberstonfl@discovery.com
Rasia,Starbuck,rstarbuckfm@squarespace.com
Vivienne,Shewon,vshewonfn@goo.gl
Genevieve,Innis,ginnisfo@symantec.com
Reube,Carine,rcarinefp@disqus.com
Elnar,Mullinder,emullinderfq@oracle.com
Carolyne,Dubble,cdubblefr@cmu.edu
Laurens,Roseaman,lroseamanfs@theatlantic.com
Sax,Dunkerly,sdunkerlyft@auda.org.au
Hadrian,Ruslin,hruslinfu@go.com
Melania,Durant,mdurantfv@tuttocitta.it
Barton,Ruppel,bruppelfw@dion.ne.jp
Bing,Rainger,braingerfx@godaddy.com
Barbra,Langstrath,blangstrathfy@ustream.tv
Clementine,Bullion,cbullionfz@aol.com
Maressa,Gotliffe,mgotliffeg0@alexa.com
Dorris,Spridgeon,dspridgeong1@mediafire.com
Merry,Birchwood,mbirchwoodg2@census.gov
Charlot,Glazer,cglazerg3@nsw.gov.au
Fan,Pirdy,fpirdyg4@nhs.uk
Leigh,Ashfull,lashfullg5@washingtonpost.com
Dinnie,Knoles,dknolesg6@biblegateway.com
Lee,Bowdidge,lbowdidgeg7@edublogs.org
Brandy,Macy,bmacyg8@epa.gov
Hertha,Boulds,hbouldsg9@ow.ly
Ranna,Godard,rgodardga@ed.gov
Brendon,Canellas,bcanellasgb@princeton.edu
Brand,Byram,bbyramgc@imgur.com
Ira,Lougheed,ilougheedgd@google.com.hk
Bari,Beetlestone,bbeetlestonege@hexun.com
Garrot,Bahl,gbahlgf@ca.gov
Marten,Stiger,mstigergg@abc.net.au
Dorey,Halls,dhallsgh@dmoz.org
Linzy,Willmett,lwillmettgi@mozilla.com
Portia,Stallibrass,pstallibrassgj@live.com
Nevile,Bulfoot,nbulfootgk@goo.ne.jp
Kennith,Morsley,kmorsleygl@de.vu
Mirabelle,Lagde,mlagdegm@toplist.cz
Roze,Fraschini,rfraschinign@plala.or.jp
Rafael,Justis,rjustisgo@sakura.ne.jp
Trescha,Luetkemeyers,tluetkemeyersgp@is.gd
Fonz,Muck,fmuckgq@pagesperso-orange.fr
Adlai,Ben,abengr@plala.or.jp
Moore,Hughs,mhughsgs@dailymail.co.uk
Louis,Bateup,lbateupgt@aol.com
Grange,Umfrey,gumfreygu@latimes.com
Natasha,Veracruysse,nveracruyssegv@hud.gov
Turner,Bewsy,tbewsygw@hexun.com
Aloisia,Jeremiah,ajeremiahgx@reuters.com
Dimitri,Danks,ddanksgy@t.co
Osborne,Chanders,ochandersgz@virginia.edu
Bernice,Shard,bshardh0@mozilla.com
Stafford,Coulthard,scoulthardh1@amazon.de
Alika,Roden,arodenh2@cnn.com
Babbette,Haller,bhallerh3@mapy.cz
Corney,Ugolotti,cugolottih4@irs.gov
Reeta,Mercer,rmercerh5@youtu.be
Ange,Rissom,arissomh6@ft.com
Henriette,Dunkerley,hdunkerleyh7@imgur.com
Nadia,Andrioletti,nandriolettih8@example.com
Derk,Fulop,dfuloph9@miitbeian.gov.cn
Elysia,Abazi,eabaziha@diigo.com
Nichol,Rime,nrimehb@prweb.com
Patrica,Katte,pkattehc@home.pl
Kellyann,Polk,kpolkhd@paypal.com
Broddie,Marielle,bmariellehe@upenn.edu
Carmencita,Gowrich,cgowrichhf@yolasite.com
Biron,Lethieulier,blethieulierhg@jalbum.net
Karlan,Piggins,kpigginshh@msu.edu
Christoph,Daniele,cdanielehi@google.ca
Karla,Furby,kfurbyhj@arstechnica.com
Lawrence,Shannon,lshannonhk@goo.gl
Mercie,Hoxey,mhoxeyhl@cmu.edu
Laurene,Novill,lnovillhm@wikia.com
Beverlie,Christoffels,bchristoffelshn@constantcontact.com
Alta,Llorens,allorensho@eventbrite.com
Raddy,Vickar,rvickarhp@ucsd.edu
Lynde,Golthorpp,lgolthorpphq@washingtonpost.com
Lutero,Kondratenya,lkondratenyahr@addthis.com
Rancell,Juste,rjustehs@hubpages.com
Boyce,Dargavel,bdargavelht@e-recht24.de
Francyne,Walkden,fwalkdenhu@psu.edu
Osborn,Favela,ofavelahv@webmd.com
Pattie,Watkiss,pwatkisshw@harvard.edu
Jamie,Sudlow,jsudlowhx@cdc.gov
Elnar,Cowan,ecowanhy@t-online.de
Edee,Sebborn,esebbornhz@barnesandnoble.com
Hank,Linham,hlinhami0@amazonaws.com
Lilyan,Grunnill,lgrunnilli1@home.pl
Ethel,Johl,ejohli2@statcounter.com
Lelia,Munt,lmunti3@smh.com.au
Regine,Josephoff,rjosephoffi4@lycos.com
Almeria,Kelmere,akelmerei5@sogou.com
Florencia,O´Halloran,fohallorani6@wordpress.org
Kathi,O´Driscole,kodriscolei7@prnewswire.com
Francesca,Nottingham,fnottinghami8@opensource.org
Odessa,Brodeur,obrodeuri9@latimes.com
Waiter,Boanas,wboanasia@facebook.com
Urbain,Tysack,utysackib@fc2.com
Ram,Tarbath,rtarbathic@domainmarket.com
Kristoforo,McLeish,kmcleishid@hubpages.com
Sandi,Bettley,sbettleyie@google.ca
Cati,Ceci,cceciif@free.fr
Dulcie,Heads,dheadsig@angelfire.com
Tucky,Tomini,ttominiih@sfgate.com
Mendy,Greenmon,mgreenmonii@printfriendly.com
Amil,Ellesworthe,aelleswortheij@google.nl
Barrie,Weeden,bweedenik@shutterfly.com
Darya,Chell,dchellil@behance.net
Lombard,Devenny,ldevennyim@alibaba.com
Alyosha,Gheraldi,agheraldiin@prlog.org
Hanny,Lucy,hlucyio@jimdo.com
Kalila,Costigan,kcostiganip@xinhuanet.com
Karine,Hayter,khayteriq@4shared.com
Herculie,Clink,hclinkir@wiley.com
Rubi,Hurren,rhurrenis@a8.net
Kara-lynn,Baulcombe,kbaulcombeit@samsung.com
Kailey,Iorns,kiornsiu@ca.gov
Ivonne,Mendel,imendeliv@bluehost.com
Christyna,Bimrose,cbimroseiw@vk.com
Kevina,Toner,ktonerix@friendfeed.com
Graeme,Farry,gfarryiy@cnbc.com
Noel,Spellard,nspellardiz@hatena.ne.jp
Even,Dukesbury,edukesburyj0@ask.com
Buck,Bondy,bbondyj1@fc2.com
Eduardo,Bautiste,ebautistej2@nydailynews.com
Mahmoud,Joyson,mjoysonj3@reuters.com
Katleen,Jenik,kjenikj4@washington.edu
Denny,Goodlett,dgoodlettj5@tinyurl.com
Susan,Matskiv,smatskivj6@mail.ru
Cyrus,Beviss,cbevissj7@reference.com
Thelma,Kliemke,tkliemkej8@chronoengine.com
Edwin,Kinforth,ekinforthj9@clickbank.net
Justina,Sheavills,jsheavillsja@uol.com.br
Kyrstin,Inseal,kinsealjb@wikipedia.org
Armin,Dongate,adongatejc@xinhuanet.com
Roosevelt,Sherwyn,rsherwynjd@dailymail.co.uk
Crichton,Lighten,clightenje@sciencedaily.com
Nichole,Sherbrooke,nsherbrookejf@cbslocal.com
Rianon,O´ Mahony,romahonyjg@unc.edu
Bobbe,Beccero,bbeccerojh@blogtalkradio.com
Roanne,MacSporran,rmacsporranji@princeton.edu
Papagena,Tappin,ptappinjj@myspace.com
Helli,Tibbotts,htibbottsjk@zimbio.com
Nick,Aitkenhead,naitkenheadjl@blogger.com
Candi,Tearle,ctearlejm@slashdot.org
Fielding,Salman,fsalmanjn@ox.ac.uk
Sella,Phillipp,sphillippjo@bigcartel.com
Robert,Cresar,rcresarjp@springer.com
Shirl,Lissett,slissettjq@wikispaces.com
Tobe,Rable,trablejr@cisco.com
Pavlov,Wheeldon,pwheeldonjs@photobucket.com
Clarinda,Thwaites,cthwaitesjt@rakuten.co.jp
Franny,Kuhwald,fkuhwaldju@auda.org.au
Wally,Buddell,wbuddelljv@quantcast.com
Adorne,Dollar,adollarjw@gizmodo.com
Trefor,Skone,tskonejx@pagesperso-orange.fr
Giorgia,Cestard,gcestardjy@wunderground.com
Chuck,Hedaux,chedauxjz@wikia.com
Rodrick,di Rocca,rdiroccak0@mail.ru
Myrvyn,Kennsley,mkennsleyk1@si.edu
Oby,Coughtrey,ocoughtreyk2@flavors.me
Tally,Dagnan,tdagnank3@utexas.edu
Arvin,Pallant,apallantk4@seattletimes.com
Corrie,Bonde,cbondek5@tripadvisor.com
Antone,Peirce,apeircek6@weather.com
Alexi,Maxwale,amaxwalek7@dagondesign.com
See,Gergler,sgerglerk8@tinyurl.com
Cletus,Fairbard,cfairbardk9@archive.org
Whitman,Ivashnikov,wivashnikovka@bizjournals.com
Kimberly,Catcheside,kcatchesidekb@behance.net
Savina,Furse,sfursekc@clickbank.net
Johnnie,Nurcombe,jnurcombekd@comcast.net
Adela,Lipsett,alipsettke@hatena.ne.jp
Ali,Heggman,aheggmankf@skype.com
Laurie,Batrim,lbatrimkg@msu.edu
Kermie,Gabbotts,kgabbottskh@nps.gov
Daisey,Cowser,dcowserki@nbcnews.com
Charin,Sommerfeld,csommerfeldkj@a8.net
Cristen,Shaddock,cshaddockkk@rambler.ru
Robinet,Dailey,rdaileykl@wunderground.com
Dori,Balden,dbaldenkm@lulu.com
Allyce,Matoshin,amatoshinkn@imageshack.us
Kylen,Cornhill,kcornhillko@netvibes.com
Andee,Wieprecht,awieprechtkp@naver.com
Farrell,Fyrth,ffyrthkq@sogou.com
Gerrie,Grieswood,ggrieswoodkr@dropbox.com
Con,Castillo,ccastilloks@geocities.com
Tuckie,Brien,tbrienkt@japanpost.jp
Shawna,Kendred,skendredku@salon.com
Ethelred,Boch,ebochkv@smugmug.com
Amber,Arrington,aarringtonkw@reference.com
Nellie,Kill,nkillkx@tiny.cc
Clemence,Gateland,cgatelandky@blogs.com
Tony,McReynolds,tmcreynoldskz@hexun.com
Brett,Karpov,bkarpovl0@bravesites.com
Killy,Ludovico,kludovicol1@admin.ch
Wood,Elden,weldenl2@booking.com
Ericha,Farrens,efarrensl3@gov.uk
Gav,Sainz,gsainzl4@cdbaby.com
Cherish,Abson,cabsonl5@ask.com
Tobey,Hasser,thasserl6@utexas.edu
Rikki,Roads,rroadsl7@blog.com
Jemmy,Richard,jrichardl8@domainmarket.com
Codie,Whitechurch,cwhitechurchl9@jugem.jp
Candra,Blann,cblannla@prnewswire.com
Mitchell,Tedder,mtedderlb@upenn.edu
Lindsay,Challiss,lchallisslc@vimeo.com
Cesar,Tawton,ctawtonld@springer.com
Zachary,Paice,zpaicele@sfgate.com
Harrietta,Haythornthwaite,hhaythornthwaitelf@mtv.com
Leora,Windmill,lwindmilllg@privacy.gov.au
Karl,Stanislaw,kstanislawlh@admin.ch
Vanda,Giovanazzi,vgiovanazzili@miitbeian.gov.cn
Noland,Bertl,nbertllj@stanford.edu
Kalinda,Decent,kdecentlk@cam.ac.uk
Nicoli,Frede,nfredell@furl.net
Lise,Mebs,lmebslm@examiner.com
Ruggiero,Ginty,rgintyln@yellowbook.com
Erie,Filipyev,efilipyevlo@uiuc.edu
Maurizia,Grenville,mgrenvillelp@163.com
Chancey,Bannard,cbannardlq@japanpost.jp
Edee,O´Sheils,eosheilslr@about.com
Lexie,Ivermee,livermeels@i2i.jp
Miran,Le Provest,mleprovestlt@sitemeter.com
Merlina,Bowshire,mbowshirelu@washingtonpost.com
Sandro,Jennrich,sjennrichlv@earthlink.net
Bennie,Krug,bkruglw@eepurl.com
Alexio,Forshaw,aforshawlx@washingtonpost.com
Vance,Cattermole,vcattermolely@linkedin.com
Ginelle,MacCourt,gmaccourtlz@slate.com
Sauncho,Haliburton,shaliburtonm0@123-reg.co.uk
Rodger,Bricket,rbricketm1@vk.com
Arlinda,Mattek,amattekm2@linkedin.com
Libbi,Maddick,lmaddickm3@twitpic.com
Olivie,Ganforth,oganforthm4@123-reg.co.uk
Ludovika,Wimes,lwimesm5@admin.ch
Margaret,Stronge,mstrongem6@miibeian.gov.cn
Silva,Lamers,slamersm7@hc360.com
Carol,Seymour,cseymourm8@ucoz.ru
Meredith,Kneel,mkneelm9@opera.com
Jeniffer,Aggiss,jaggissma@seattletimes.com
Maximo,Wise,mwisemb@columbia.edu
Shamus,Wyper,swypermc@youtu.be
Dominic,Duny,ddunymd@stumbleupon.com
Mavra,Wardrop,mwardropme@flavors.me
Cori,Goodreid,cgoodreidmf@mlb.com
Tedmund,Du Plantier,tduplantiermg@msn.com
Arnold,Mungham,amunghammh@cloudflare.com
Mignonne,Headon,mheadonmi@amazon.co.jp
Carmina,Vaughten,cvaughtenmj@miibeian.gov.cn
Veronica,Toopin,vtoopinmk@ebay.co.uk
Cassandre,Dorney,cdorneyml@nih.gov
Ilario,Balogh,ibaloghmm@odnoklassniki.ru
Lenka,Whiteson,lwhitesonmn@yahoo.co.jp
Renell,Sargison,rsargisonmo@ameblo.jp
Mercy,Dantesia,mdantesiamp@marketwatch.com
Gwenneth,Roma,gromamq@infoseek.co.jp
Isador,Deelay,ideelaymr@tripod.com
Ramona,Bricksey,rbrickseyms@aol.com
Claire,Bragg,cbraggmt@reuters.com
Marlena,Natte,mnattemu@1und1.de
Reinold,Le Grove,rlegrovemv@salon.com
Myra,Mullord,mmullordmw@etsy.com
Zoe,Whacket,zwhacketmx@webnode.com
Ariana,Gricewood,agricewoodmy@pbs.org
Merry,Drust,mdrustmz@ning.com
Edin,Gingles,eginglesn0@jigsy.com
Xavier,Odam,xodamn1@tinyurl.com
Erv,Pawels,epawelsn2@aboutads.info
Dionysus,Batrip,dbatripn3@amazon.co.jp
Leonhard,Parriss,lparrissn4@paginegialle.it
Ruby,Heasley,rheasleyn5@miitbeian.gov.cn
Storm,Sibbet,ssibbetn6@bravesites.com
Nil,Tape,ntapen7@intel.com
Megen,Wadforth,mwadforthn8@privacy.gov.au
Robin,Wayon,rwayonn9@tripadvisor.com
Gilemette,Voysey,gvoyseyna@mozilla.org
Velvet,Jozsika,vjozsikanb@reuters.com
Ellissa,Balchin,ebalchinnc@google.it
Jeno,Scotti,jscottind@epa.gov
Sasha,Marjanski,smarjanskine@harvard.edu
Cord,Way,cwaynf@europa.eu
Chucho,MacCaughey,cmaccaugheyng@alexa.com
Vittorio,Gwyther,vgwythernh@baidu.com
Cam,Giacoboni,cgiacobonini@bigcartel.com
Gui,Renol,grenolnj@ning.com
Belinda,Folini,bfolinink@lycos.com
Halley,Bryenton,hbryentonnl@umn.edu
Clarie,Feeny,cfeenynm@unc.edu
Tate,Ledgley,tledgleynn@behance.net
Annemarie,Cowderoy,acowderoyno@sitemeter.com
Frannie,Dehn,fdehnnp@technorati.com
Ashla,Goodram,agoodramnq@furl.net
Goran,Hodgets,ghodgetsnr@wordpress.org
Vinson,Peniman,vpenimanns@amazon.com
Alvy,Fairham,afairhamnt@instagram.com
Tedman,Younie,tyounienu@fema.gov
Ximenez,Androlli,xandrollinv@wp.com
Neal,Dark,ndarknw@mozilla.org
Darda,Diment,ddimentnx@illinois.edu
Kippar,Jinkins,kjinkinsny@eventbrite.com
Manda,Thring,mthringnz@va.gov
Prudy,Chappell,pchappello0@goo.gl
Wren,Avrahm,wavrahmo1@senate.gov
Kaile,Chessel,kchesselo2@hugedomains.com
Beverley,Tellenbroker,btellenbrokero3@cdbaby.com
Humberto,Daltry,hdaltryo4@disqus.com
Huntley,Sabbins,hsabbinso5@goo.gl
Addie,Mattioli,amattiolio6@cafepress.com
Panchito,Mandry,pmandryo7@1und1.de
Tasha,Longford,tlongfordo8@cyberchimps.com
Genni,Penhale,gpenhaleo9@over-blog.com
Reeva,Gault,rgaultoa@cnbc.com
Salomone,Burges,sburgesob@networksolutions.com
Anneliese,Keller,akelleroc@feedburner.com
Erl,Scutter,escutterod@tinypic.com
Burnard,Chessill,bchessilloe@cbc.ca
Dahlia,Murrigans,dmurrigansof@accuweather.com
Cleavland,Suthworth,csuthworthog@123-reg.co.uk
Sheena,Brake,sbrakeoh@answers.com
Thedric,Brennen,tbrennenoi@mozilla.org
Marisa,Harriagn,mharriagnoj@plala.or.jp
Brittney,Farmloe,bfarmloeok@cisco.com
Algernon,Turner,aturnerol@wix.com
Nonna,Boult,nboultom@cbc.ca
Ariel,Marchant,amarchanton@360.cn
Edi,Furniss,efurnissoo@sbwire.com
Danny,Govern,dgovernop@hostgator.com
Ardella,Kristiansen,akristiansenoq@archive.org
Franny,Norwell,fnorwellor@1688.com
Faun,Baniard,fbaniardos@examiner.com
Nadean,Menpes,nmenpesot@slate.com
Clari,Whitehorn,cwhitehornou@latimes.com
Giraud,Schuler,gschulerov@php.net
Lise,Perello,lperelloow@google.com.hk
Nanette,Wyld,nwyldox@tmall.com
Zola,Sheppard,zsheppardoy@ftc.gov
Carissa,Wolfendale,cwolfendaleoz@ihg.com
Idalina,Vasilkov,ivasilkovp0@ebay.co.uk
Burlie,Shutler,bshutlerp1@google.ru
Florentia,Bosche,fboschep2@youku.com
Merridie,Crat,mcratp3@comcast.net
Felipe,Hurrell,fhurrellp4@live.com
Branden,Rowland,browlandp5@nifty.com
Bridie,Emmanueli,bemmanuelip6@spotify.com
Gardener,MacAnulty,gmacanultyp7@i2i.jp
Violet,Codling,vcodlingp8@arstechnica.com
Augy,Belding,abeldingp9@admin.ch
Ashley,Furlonge,afurlongepa@hostgator.com
Ferris,Conws,fconwspb@sitemeter.com
Geoffry,Insull,ginsullpc@t-online.de
Jerrilyn,Domone,jdomonepd@istockphoto.com
Selinda,Bindon,sbindonpe@pinterest.com
Burton,Pavia,bpaviapf@slideshare.net
Sherill,Binnall,sbinnallpg@surveymonkey.com
Audie,Wakeley,awakeleyph@uol.com.br
Hedwig,MacGeffen,hmacgeffenpi@tuttocitta.it
Gilli,Dunmore,gdunmorepj@ft.com
Ilse,Danaher,idanaherpk@fda.gov
Ty,Hanscombe,thanscombepl@theatlantic.com
Aloin,Suttill,asuttillpm@aol.com
Ede,Franzonetti,efranzonettipn@hc360.com
Padget,Fowley,pfowleypo@amazon.com
Warde,Dowsey,wdowseypp@weather.com
Cahra,Santo,csantopq@com.com
Staci,Nolin,snolinpr@wikipedia.org
Cobby,Mangon,cmangonps@weebly.com
Kimmie,Candelin,kcandelinpt@joomla.org
Renard,Bramford,rbramfordpu@baidu.com
Francine,Pounsett,fpounsettpv@tiny.cc
Liuka,Titt,ltittpw@github.com
Loleta,Gooda,lgoodapx@webnode.com
Jard,McMurraya,jmcmurrayapy@domainmarket.com
Avie,Lober,aloberpz@reverbnation.com
Elizabeth,Learmount,elearmountq0@netscape.com
Katerine,Orrom,korromq1@lulu.com
Madelaine,Broadey,mbroadeyq2@woothemes.com
Geordie,Barlass,gbarlassq3@hp.com
Dierdre,Makiver,dmakiverq4@artisteer.com
Karla,Charville,kcharvilleq5@ycombinator.com
Broddy,Cambridge,bcambridgeq6@aol.com
Georas,Fulk,gfulkq7@biglobe.ne.jp
Chloris,Antic,canticq8@utexas.edu
Zorah,Ruberti,zrubertiq9@ezinearticles.com
Jeniece,Levings,jlevingsqa@businessinsider.com
Paxton,Radcliffe,pradcliffeqb@constantcontact.com
George,Bonnett,gbonnettqc@sphinn.com
Harris,Metts,hmettsqd@newsvine.com
Magdalene,Hague,mhagueqe@amazon.co.uk
Doralia,Sturgeon,dsturgeonqf@time.com
Rosaleen,Whinray,rwhinrayqg@japanpost.jp
Shelba,Littleproud,slittleproudqh@slideshare.net
Albie,Duckels,aduckelsqi@blog.com
Gaby,Manoch,gmanochqj@is.gd
Shelli,Billitteri,sbillitteriqk@narod.ru
Juliane,Leport,jleportql@nhs.uk
Caty,Schaffel,cschaffelqm@creativecommons.org
Gabe,Brusle,gbrusleqn@cam.ac.uk
Gradeigh,Pogg,gpoggqo@tinyurl.com
Hyacinthia,Ganderton,hgandertonqp@t.co
Kiley,MacKinnon,kmackinnonqq@de.vu
Sax,Edmenson,sedmensonqr@tinyurl.com
Verina,Kittman,vkittmanqs@imdb.com
Markus,Sprules,msprulesqt@accuweather.com
Di,Glanvill,dglanvillqu@moonfruit.com
Torre,Clausen,tclausenqv@marketwatch.com
Lacy,Bradtke,lbradtkeqw@sciencedaily.com
Banky,Bilbrooke,bbilbrookeqx@cnbc.com
Carree,Mercer,cmercerqy@odnoklassniki.ru
Lola,Hansie,lhansieqz@tripadvisor.com
Kerby,Hartridge,khartridger0@wisc.edu
Jordan,Walczynski,jwalczynskir1@uol.com.br
Hillel,Seivertsen,hseivertsenr2@engadget.com
Ari,Bram,abramr3@list-manage.com
Roslyn,Emps,rempsr4@yolasite.com
Kati,Inde,kinder5@upenn.edu
Shandie,Libermore,slibermorer6@plala.or.jp
Wynn,Cicero,wciceror7@a8.net
Maximilian,Moorman,mmoormanr8@networksolutions.com
Lacee,Antoszewski,lantoszewskir9@imgur.com
Eliot,Varey,evareyra@ask.com
Lettie,Keeltagh,lkeeltaghrb@sciencedaily.com
Isador,Cowdery,icowderyrc@ftc.gov
Genia,Haitlie,ghaitlierd@bloglovin.com
Shaughn,Brainsby,sbrainsbyre@craigslist.org
Hort,Eglaise,heglaiserf@princeton.edu
Kelly,Udale,kudalerg@sciencedaily.com
Leena,Allright,lallrightrh@infoseek.co.jp
Frankie,Hryniewicki,fhryniewickiri@wordpress.org
Jo-ann,Gillan,jgillanrj@lulu.com
Spencer,Miche,smicherk@netvibes.com
Tierney,Gyngell,tgyngellrl@bloglovin.com
Loren,Meaney,lmeaneyrm@unc.edu
Arabele,Macer,amacerrn@bing.com
Braden,Rozzier,brozzierro@mtv.com
Marco,Gobel,mgobelrp@va.gov
Jemima,Waind,jwaindrq@timesonline.co.uk
Demott,Shark,dsharkrr@japanpost.jp
Ricky,Birtles,rbirtles0@tiny.cc
Sigvard,Luquet,sluquet1@smh.com.au
Gretchen,Sarvar,gsarvar2@reddit.com
Reese,Whistlecraft,rwhistlecraft3@tamu.edu
Winonah,Mosco,wmosco4@nature.com
Illa,Turfes,iturfes5@sina.com.cn
Amity,Jerred,ajerred6@tiny.cc
Siward,Burley,sburley7@linkedin.com
Violetta,Galiford,vgaliford8@mail.ru
Tillie,Lait,tlait9@gov.uk
Carmencita,Whitington,cwhitingtona@dagondesign.com
Florinda,Idney,fidneyb@histats.com
Blondie,Romao,bromaoc@unicef.org
Napoleon,McIndoe,nmcindoed@stumbleupon.com
Edan,Antonchik,eantonchike@simplemachines.org
Ruthanne,Annear,rannearf@friendfeed.com
Enos,Gelly,egellyg@bravesites.com
Richart,Van den Hof,rvandenhofh@sbwire.com
Hyacinth,Olenin,holenini@smugmug.com
Krishna,Gardner,kgardnerj@ustream.tv
Kenneth,Banaszewski,kbanaszewskik@home.pl
Chloe,Pitcaithley,cpitcaithleyl@tiny.cc
Ferne,Satterthwaite,fsatterthwaitem@addtoany.com
Angelo,Sambells,asambellsn@prweb.com
Cecilia,Ludlam,cludlamo@hostgator.com
Pamelina,Wey,pweyp@about.com
Wilma,Stawell,wstawellq@sourceforge.net
Seline,Harriott,sharriottr@reverbnation.com
Stacee,Gowman,sgowmans@netscape.com
Brice,Freddi,bfreddit@yellowpages.com
Justine,Francescone,jfrancesconeu@behance.net
Juline,Weildish,jweildishv@mayoclinic.com
Vincent,Gregersen,vgregersenw@skype.com
Gertrud,Ludlow,gludlowx@oracle.com
Feodor,Elger,felgery@is.gd
Krista,Basek,kbasekz@wsj.com
Jacky,MacKegg,jmackegg10@mysql.com
Karon,Thewlis,kthewlis11@youku.com
Temp,Oliphard,toliphard12@mail.ru
Kayla,Kilgannon,kkilgannon13@rediff.com
Ernie,Nazaret,enazaret14@reverbnation.com
Xerxes,Crawforth,xcrawforth15@1688.com
Esme,Belding,ebelding16@epa.gov
Rosene,Skirvin,rskirvin17@gmpg.org
Glen,Harrisson,gharrisson18@feedburner.com
Carmen,Paaso,cpaaso19@privacy.gov.au
Don,Jezzard,djezzard1a@xing.com
Nefen,Schoffel,nschoffel1b@ebay.com
Archaimbaud,Fitzjohn,afitzjohn1c@163.com
Lyman,Willment,lwillment1d@bizjournals.com
Cindy,Haug,chaug1e@purevolume.com
Clementine,Petchell,cpetchell1f@wp.com
Chrysa,Ladley,cladley1g@xing.com
Corilla,Staunton,cstaunton1h@tumblr.com
Kelby,Eager,keager1i@cnbc.com
Bibi,Hatt,bhatt1j@marketwatch.com
Emera,Chasier,echasier1k@parallels.com
Coletta,Daingerfield,cdaingerfield1l@illinois.edu
Bernardine,Rumbellow,brumbellow1m@samsung.com
Olivier,Sommerville,osommerville1n@artisteer.com
Nance,Feighry,nfeighry1o@mysql.com
Skyler,Simla,ssimla1p@nature.com
Phip,Goroni,pgoroni1q@arstechnica.com
Tuck,Sans,tsans1r@ezinearticles.com
Lorrayne,Glassford,lglassford1s@vkontakte.ru
Kathe,Fominov,kfominov1t@ning.com
Gan,Goldsby,ggoldsby1u@oakley.com
Herta,Bettenay,hbettenay1v@prnewswire.com
Ruby,Towler,rtowler1w@blogspot.com
Anne-corinne,Littleproud,alittleproud1x@stanford.edu
Diannne,Whitworth,dwhitworth1y@china.com.cn
Beatrice,Jansema,bjansema1z@soundcloud.com
Lind,Fleeman,lfleeman20@1688.com
Olag,Justis,ojustis21@weather.com
Burg,Maryin,bmaryin22@npr.org
Lorianne,Creenan,lcreenan23@arstechnica.com
Marna,Janks,mjanks24@webs.com
Barb,Mushawe,bmushawe25@nba.com
Tripp,Albon,talbon26@51.la
Amalea,Kepp,akepp27@netvibes.com
Maryjo,Kornyshev,mkornyshev28@bizjournals.com
Markus,Haycroft,mhaycroft29@devhub.com
Koralle,Gleed,kgleed2a@ask.com
Peg,Satchell,psatchell2b@kickstarter.com
Finley,Gay,fgay2c@home.pl
Bord,Boswood,bboswood2d@flickr.com
Janey,O´Shevlan,joshevlan2e@adobe.com
Gaby,Plumb,gplumb2f@photobucket.com
Zara,Candish,zcandish2g@slideshare.net
Lynnett,Sweating,lsweating2h@360.cn
Odie,Timlett,otimlett2i@disqus.com
Ania,Tombleson,atombleson2j@webs.com
Alanna,Pawlick,apawlick2k@posterous.com
Matthaeus,O´Hagan,mohagan2l@bbc.co.uk
Stanleigh,Wilkisson,swilkisson2m@elpais.com
Freeman,Winsom,fwinsom2n@etsy.com
Anastasie,Stitwell,astitwell2o@youtube.com
Mechelle,Le Grand,mlegrand2p@google.co.uk
Perl,Ciric,pciric2q@hubpages.com
Barth,Craythorn,bcraythorn2r@smugmug.com
Steffi,Gaskarth,sgaskarth2s@etsy.com
Genevra,Jump,gjump2t@abc.net.au
Elvis,Callum,ecallum2u@gravatar.com
Jordan,Hallede,jhallede2v@discuz.net
Griselda,Aldritt,galdritt2w@facebook.com
Hedda,Danielli,hdanielli2x@ameblo.jp
Olympe,Barbe,obarbe2y@ihg.com
Catlin,Regelous,cregelous2z@ow.ly
Cly,Poff,cpoff30@dot.gov
Kellie,Stillert,kstillert31@lycos.com
Maddy,Wemm,mwemm32@nbcnews.com
Julia,Phillipp,jphillipp33@edublogs.org
Alta,Selbach,aselbach34@irs.gov
Nanny,Bassick,nbassick35@aol.com
Haskel,Jewiss,hjewiss36@bing.com
Elias,Pergens,epergens37@whitehouse.gov
Natty,Buckeridge,nbuckeridge38@123-reg.co.uk
Bee,Ellson,bellson39@cam.ac.uk
Ivory,Kurton,ikurton3a@ow.ly
Maybelle,Upstone,mupstone3b@nps.gov
Onofredo,Tonepohl,otonepohl3c@bigcartel.com
Aloysius,Espinazo,aespinazo3d@bravesites.com
Tiena,Tenpenny,ttenpenny3e@un.org
Tomaso,Craise,tcraise3f@macromedia.com
Nicolette,Pasley,npasley3g@statcounter.com
Gracia,Dykins,gdykins3h@time.com
Nicolle,Slimming,nslimming3i@hatena.ne.jp
Brunhilda,Guillain,bguillain3j@fotki.com
Blinni,Larrat,blarrat3k@netvibes.com
Danette,Pursehouse,dpursehouse3l@whitehouse.gov
Robinetta,Fagence,rfagence3m@google.cn
Robbert,Douch,rdouch3n@go.com
Gabbie,Grewer,ggrewer3o@shareasale.com
Yvor,Biaggelli,ybiaggelli3p@shareasale.com
Archambault,Lavell,alavell3q@pen.io
Jarrid,Ragbourne,jragbourne3r@angelfire.com
Neda,Huison,nhuison3s@nps.gov
Ruthe,Lighten,rlighten3t@statcounter.com
Catharine,Jaskowicz,cjaskowicz3u@ucla.edu
Dag,Corkan,dcorkan3v@sitemeter.com
Anny,McLean,amclean3w@blogspot.com
Felizio,Kindleside,fkindleside3x@wordpress.com
Dominica,Fasey,dfasey3y@oaic.gov.au
Stanwood,Twidle,stwidle3z@networkadvertising.org
Guenevere,Shovelin,gshovelin40@ftc.gov
Thacher,Barcroft,tbarcroft41@bbb.org
Garrot,McGiveen,gmcgiveen42@com.com
Aurel,Spreckley,aspreckley43@etsy.com
Sophey,Theuff,stheuff44@accuweather.com
Isidro,Downer,idowner45@google.com
Neils,Roxby,nroxby46@tmall.com
Rich,Bircher,rbircher47@ameblo.jp
Luciano,Brealey,lbrealey48@spiegel.de
Izzy,Rossin,irossin49@wp.com
Stu,Sheather,ssheather4a@e-recht24.de
Amble,Crossfield,acrossfield4b@bizjournals.com
Britteny,Truran,btruran4c@berkeley.edu
Mervin,Bartolomeu,mbartolomeu4d@networkadvertising.org
Coriss,Whiting,cwhiting4e@imdb.com
Zonda,Narey,znarey4f@myspace.com
Marisa,Humburton,mhumburton4g@multiply.com
Mireielle,Dionsetti,mdionsetti4h@amazonaws.com
Wilek,Piggens,wpiggens4i@hud.gov
Mariette,Farrimond,mfarrimond4j@cornell.edu
Anissa,Caney,acaney4k@over-blog.com
Bronson,Cockson,bcockson4l@amazon.de
Melvin,Chagg,mchagg4m@ca.gov
Luciano,Worgen,lworgen4n@google.com.br
Maxine,Saffen,msaffen4o@craigslist.org
Codee,Tantum,ctantum4p@furl.net
Peyter,Schonfelder,pschonfelder4q@barnesandnoble.com
Lavinie,Richardet,lrichardet4r@npr.org
Kimmie,Gotobed,kgotobed4s@disqus.com
Salomone,Kidd,skidd4t@ox.ac.uk
Percival,Pluvier,ppluvier4u@usda.gov
Deva,Erskin,derskin4v@princeton.edu
Howard,Fenelon,hfenelon4w@cmu.edu
Gorden,Reinhart,greinhart4x@apple.com
Claybourne,Parmby,cparmby4y@ucla.edu
Frederic,Howsego,fhowsego4z@weebly.com
Katerine,Gallafant,kgallafant50@digg.com
Gris,Plaide,gplaide51@goo.gl
Dominik,Holywell,dholywell52@google.cn
Claire,Janoch,cjanoch53@topsy.com
Moina,O´Shaughnessy,moshaughnessy54@boston.com
Padraic,Vankov,pvankov55@themeforest.net
Fanya,McLice,fmclice56@yolasite.com
Nanette,Shear,nshear57@bandcamp.com
Berne,Muzzullo,bmuzzullo58@about.me
Robinetta,Copins,rcopins59@si.edu
Merrel,Hastewell,mhastewell5a@tripod.com
Raymund,Sings,rsings5b@bigcartel.com
Balduin,Pasmore,bpasmore5c@businesswire.com
Leonanie,Chuney,lchuney5d@qq.com
Zena,Winsper,zwinsper5e@so-net.ne.jp
Tymothy,Deshorts,tdeshorts5f@hostgator.com
Hercules,Gilhooly,hgilhooly5g@dailymotion.com
Miof mela,Kornyakov,mkornyakov5h@ezinearticles.com
Alberik,Leahy,aleahy5i@google.ru
Dorice,Stoll,dstoll5j@theglobeandmail.com
Wakefield,Doyley,wdoyley5k@irs.gov
Maxi,Noorwood,mnoorwood5l@example.com
Fabian,Serridge,fserridge5m@51.la
Benoit,Gadd,bgadd5n@fema.gov
Inna,McQuade,imcquade5o@youtube.com
Shawn,Chessum,schessum5p@narod.ru
Engelbert,Bartosek,ebartosek5q@facebook.com
Bernete,Chipperfield,bchipperfield5r@jugem.jp
June,McCerery,jmccerery5s@youtu.be
Idaline,Ekless,iekless5t@furl.net
Leone,Gilhoolie,lgilhoolie5u@huffingtonpost.com
Albina,Eggers,aeggers5v@oaic.gov.au
Ameline,Sainsbury-Brown,asainsburybrown5w@tmall.com
Cleve,Heinel,cheinel5x@telegraph.co.uk
Cissy,De Brett,cdebrett5y@spotify.com
Fanya,Mauchline,fmauchline5z@ezinearticles.com
Jacobo,Studart,jstudart60@japanpost.jp
Zarla,Gidden,zgidden61@weebly.com
Ganny,Murcott,gmurcott62@alexa.com
Gerhard,Brecken,gbrecken63@edublogs.org
Eartha,Breadon,ebreadon64@github.io
Britte,O´Doran,bodoran65@wordpress.org
Ham,Millbank,hmillbank66@angelfire.com
Amalle,Josey,ajosey67@army.mil
Aloysius,O´ Mahony,aomahony68@moonfruit.com
Chrystel,Gerry,cgerry69@linkedin.com
Elias,Spraberry,espraberry6a@i2i.jp
Morgun,Bowell,mbowell6b@moonfruit.com
Liv,Hannaway,lhannaway6c@amazonaws.com
Anabel,Althrope,aalthrope6d@theguardian.com
Cale,Late,clate6e@furl.net
Gilli,Jardein,gjardein6f@is.gd
Ottilie,Binner,obinner6g@about.com
Conn,McNamara,cmcnamara6h@hostgator.com
Elwyn,MacKeeg,emackeeg6i@typepad.com
Janaye,Lornsen,jlornsen6j@usa.gov
Shanan,Dies,sdies6k@digg.com
Robb,Pudsey,rpudsey6l@uol.com.br
Bellina,Taw,btaw6m@dailymotion.com
Julina,Spradbery,jspradbery6n@linkedin.com
Madalyn,McIlwrath,mmcilwrath6o@jugem.jp
Sayre,Loudwell,sloudwell6p@booking.com
Antoni,Toye,atoye6q@pagesperso-orange.fr
Lazare,Whitsey,lwhitsey6r@woothemes.com
Vitoria,Meigh,vmeigh6s@rambler.ru
Mathian,Titmarsh,mtitmarsh6t@house.gov
Lethia,Courtliff,lcourtliff6u@huffingtonpost.com
Pall,Lyne,plyne6v@youtube.com
Gabriel,Broyd,gbroyd6w@ox.ac.uk
Fifine,Carpe,fcarpe6x@baidu.com
Michaella,Hansford,mhansford6y@chicagotribune.com
Jojo,Keep,jkeep6z@stumbleupon.com
Ursuline,Sidon,usidon70@senate.gov
Chrysler,Challin,cchallin71@behance.net
Tripp,Inston,tinston72@lulu.com
Mariejeanne,Bonnavant,mbonnavant73@amazonaws.com
Juliet,Carrigan,jcarrigan74@umich.edu
Bobbie,Dionsetti,bdionsetti75@answers.com
Lolita,Derisly,lderisly76@fema.gov
Fleming,O´Carmody,focarmody77@chronoengine.com
Dagmar,Braham,dbraham78@state.tx.us
Judith,De Lorenzo,jdelorenzo79@bloomberg.com
Mar,Cristofolo,mcristofolo7a@facebook.com
Timmie,Sherreard,tsherreard7b@google.it
Boniface,Pioli,bpioli7c@hud.gov
Mychal,Cartmell,mcartmell7d@buzzfeed.com
Alidia,Peasnone,apeasnone7e@wikimedia.org
Mollie,Craw,mcraw7f@yale.edu
Lila,Manzell,lmanzell7g@miitbeian.gov.cn
Granville,M´Quhan,gmquhan7h@answers.com
Guilbert,Rouge,grouge7i@nba.com
Jordain,Pechold,jpechold7j@t.co
Leeanne,Burchett,lburchett7k@wikispaces.com
Standford,Hobbert,shobbert7l@yandex.ru
Hymie,Dankov,hdankov7m@myspace.com
Keelby,McKinney,kmckinney7n@chronoengine.com
Electra,Alastair,ealastair7o@vk.com
Audra,Phibb,aphibb7p@opera.com
Ellswerth,Zarfai,ezarfai7q@answers.com
Jarrod,Rubinowicz,jrubinowicz7r@wix.com
Vivianne,Jenner,vjenner7s@nymag.com
Jae,Escoffrey,jescoffrey7t@bbb.org
Gabie,Avis,gavis7u@usda.gov
Marti,Covington,mcovington7v@sakura.ne.jp
Jecho,Streader,jstreader7w@mayoclinic.com
Nora,Cornillot,ncornillot7x@indiegogo.com
Cory,Mulheron,cmulheron7y@tamu.edu
George,Meeron,gmeeron7z@nydailynews.com
Claudio,Manclark,cmanclark80@networkadvertising.org
Ralf,Soan,rsoan81@liveinternet.ru
Dode,Cockren,dcockren82@cocolog-nifty.com
Galvan,Pulman,gpulman83@stumbleupon.com
Dorthy,Scorah,dscorah84@pbs.org
Rafferty,Batistelli,rbatistelli85@php.net
Carolyn,Mayzes,cmayzes86@sina.com.cn
Coral,Radki,cradki87@msu.edu
Elizabet,Tonks,etonks88@telegraph.co.uk
Gene,Scorthorne,gscorthorne89@dedecms.com
Tracey,Skeath,tskeath8a@newsvine.com
Brynna,Melby,bmelby8b@dropbox.com
Shelba,Bahde,sbahde8c@scientificamerican.com
Jorie,McHan,jmchan8d@a8.net
Hayes,Gonthard,hgonthard8e@sohu.com
Justis,Vassman,jvassman8f@google.co.jp
Micheal,Battison,mbattison8g@domainmarket.com
Grenville,De Giorgis,gdegiorgis8h@arizona.edu
Corby,Licciardi,clicciardi8i@usgs.gov
Jenna,Andrey,jandrey8j@latimes.com
Ariana,Guiett,aguiett8k@accuweather.com
Keriann,Rulf,krulf8l@eventbrite.com
Oswald,Fillon,ofillon8m@wisc.edu
Miguel,Donohue,mdonohue8n@umn.edu
Linn,Schonfeld,lschonfeld8o@theglobeandmail.com
Nara,Reyna,nreyna8p@reuters.com
Kaycee,Conachy,kconachy8q@mozilla.org
Muire,Vittle,mvittle8r@shinystat.com
Flynn,Granham,fgranham8s@moonfruit.com
Liesa,Roote,lroote8t@unc.edu
Kendra,Buzine,kbuzine8u@oaic.gov.au
Chantal,Wicklin,cwicklin8v@liveinternet.ru
Desmund,Pethick,dpethick8w@dailymail.co.uk
Jerry,Saker,jsaker8x@gravatar.com
Sheelagh,Antal,santal8y@gov.uk
Read,Garlicke,rgarlicke8z@people.com.cn
Phip,Huitson,phuitson90@kickstarter.com
Elwood,Teaser,eteaser91@cafepress.com
Haleigh,Gasnoll,hgasnoll92@chicagotribune.com
Dara,Brunton,dbrunton93@mapy.cz
Annice,Manssuer,amanssuer94@admin.ch
Eric,Waryk,ewaryk95@myspace.com
Haydon,Orange,horange96@bravesites.com
Lucie,Wigzell,lwigzell97@cisco.com
Kitti,Beurich,kbeurich98@europa.eu
Veradis,Burchett,vburchett99@rakuten.co.jp
Brendan,Shilstone,bshilstone9a@google.it
Karlotte,Woodroofe,kwoodroofe9b@1und1.de
Ugo,Wincott,uwincott9c@guardian.co.uk
Corissa,Hallgath,challgath9d@huffingtonpost.com
Marijn,Utridge,mutridge9e@nps.gov
Clo,Arrighini,carrighini9f@desdev.cn
Koressa,Jervois,kjervois9g@mail.ru
Gwendolen,Teece,gteece9h@yelp.com
Lydia,Astle,lastle9i@buzzfeed.com
Kelwin,Cazin,kcazin9j@deliciousdays.com
Riane,D´Hooge,rdhooge9k@wufoo.com
Palmer,McClure,pmcclure9l@noaa.gov
Creighton,Greest,cgreest9m@baidu.com
Ardine,Lampert,alampert9n@imdb.com
Sybil,Bastide,sbastide9o@deliciousdays.com
Lenka,Goschalk,lgoschalk9p@linkedin.com
Missy,Burgett,mburgett9q@businesswire.com
Fraze,Skeemer,fskeemer9r@usa.gov
Mariya,Kyme,mkyme9s@ucsd.edu
Addi,Huntingdon,ahuntingdon9t@nps.gov
Adelbert,Barbery,abarbery9u@hibu.com
Pat,Machan,pmachan9v@netscape.com
Brenn,Negal,bnegal9w@mayoclinic.com
Lynn,Bayston,lbayston9x@google.fr
Lowrance,Concannon,lconcannon9y@dedecms.com
Hayley,Tetford,htetford9z@canalblog.com
Laurence,Witcher,lwitchera0@wp.com
Johnath,MacMenamin,jmacmenamina1@ow.ly
Meggi,Blabber,mblabbera2@dedecms.com
Laurence,Beck,lbecka3@friendfeed.com
Teresa,Baskett,tbasketta4@vk.com
Stanislas,Oehme,soehmea5@free.fr
Tobiah,Kippin,tkippina6@cloudflare.com
Devlen,Carlens,dcarlensa7@mtv.com
Gloriana,Kyberd,gkyberda8@netscape.com
Arney,Chominski,achominskia9@home.pl
Grace,Trayhorn,gtrayhornaa@cbc.ca
Bastien,Robelow,brobelowab@slate.com
Toby,Spellman,tspellmanac@rediff.com
Orly,McFater,omcfaterad@dailymotion.com
Jon,Haward,jhawardae@harvard.edu
Evelin,Blincow,eblincowaf@yahoo.co.jp
Gavra,Olrenshaw,golrenshawag@google.co.uk
Barri,Pottage,bpottageah@japanpost.jp
Freemon,Kincla,fkinclaai@linkedin.com
Antone,Clearley,aclearleyaj@gmpg.org
Eddie,Geering,egeeringak@nsw.gov.au
Dimitri,Geerits,dgeeritsal@umn.edu
Onfroi,Merrigan,omerriganam@bigcartel.com
Betteanne,Fazzioli,bfazziolian@friendfeed.com
Rriocard,Twomey,rtwomeyao@epa.gov
Madlen,Lanfranchi,mlanfranchiap@slideshare.net
Hillard,Jaquet,hjaquetaq@spotify.com
Lisbeth,Grinikhinov,lgrinikhinovar@elpais.com
Nikolia,Helin,nhelinas@symantec.com
Ronna,Bailes,rbailesat@constantcontact.com
Winthrop,Curlis,wcurlisau@ifeng.com
Vale,Westall,vwestallav@zimbio.com
Cheryl,McMonnies,cmcmonniesaw@businessweek.com
Misty,Hughes,mhughesax@aboutads.info
Cord,Cake,ccakeay@ocn.ne.jp
Orrin,Moncey,omonceyaz@ucoz.ru
Kathe,Canada,kcanadab0@tripadvisor.com
Pearline,Lattka,plattkab1@yahoo.com
Debbie,Rickerby,drickerbyb2@bravesites.com
Albertine,Rhoades,arhoadesb3@patch.com
Brook,Stubbins,bstubbinsb4@npr.org
Arlana,Bangs,abangsb5@netlog.com
Papagena,Notley,pnotleyb6@mail.ru
Avie,Brussels,abrusselsb7@statcounter.com
Bailey,Curbishley,bcurbishleyb8@hugedomains.com
Corty,Durrance,cdurranceb9@mysql.com
Mia,Baudassi,mbaudassiba@msn.com
Ingeborg,Celand,icelandbb@about.com
Janette,Muffitt,jmuffittbc@squidoo.com
Margarethe,O´Hdirscoll,mohdirscollbd@sitemeter.com
Juliet,Garroway,jgarrowaybe@list-manage.com
Roley,Tustin,rtustinbf@addthis.com
Maggi,Leele,mleelebg@answers.com
Neron,Scorah,nscorahbh@reference.com
Orrin,Wittke,owittkebi@who.int
Lancelot,Reightley,lreightleybj@photobucket.com
Sheff,Klaussen,sklaussenbk@phpbb.com
Deana,Scyner,dscynerbl@umn.edu
Linn,Grindall,lgrindallbm@goo.ne.jp
Cherilyn,Bertomieu,cbertomieubn@wisc.edu
Maiga,Samsonsen,msamsonsenbo@utexas.edu
Karena,Plank,kplankbp@patch.com
Jacquenetta,Lusk,jluskbq@gov.uk
Dorine,Eisikowitch,deisikowitchbr@bravesites.com
Carlina,Franchyonok,cfranchyonokbs@clickbank.net
Charis,Maus,cmausbt@linkedin.com
Haily,Averall,haverallbu@spotify.com
Arlyne,Stevenson,astevensonbv@networksolutions.com
Linn,Steers,lsteersbw@tripadvisor.com
Appolonia,Ffoulkes,affoulkesbx@hexun.com
Burgess,Slyde,bslydeby@flickr.com
Patty,Flatt,pflattbz@netlog.com
Dugald,Kulas,dkulasc0@scribd.com
Rhetta,Zimmermanns,rzimmermannsc1@pinterest.com
Issi,Clothier,iclothierc2@walmart.com
Murdock,Pontain,mpontainc3@discuz.net
Ryan,Kehir,rkehirc4@mac.com
Arlena,Bentke,abentkec5@smugmug.com
Rheta,Whiley,rwhileyc6@psu.edu
Clarence,Manthroppe,cmanthroppec7@usda.gov
Sarena,Widmoor,swidmoorc8@slideshare.net
Roland,Ivic,rivicc9@wikipedia.org
Denna,Sansam,dsansamca@ehow.com
Belicia,Sives,bsivescb@netlog.com
Christy,Siebert,csiebertcc@cornell.edu
Shaylah,Greally,sgreallycd@tumblr.com
Gregg,Wickendon,gwickendonce@imgur.com
Terry,Letixier,tletixiercf@histats.com
Hiram,Halwood,hhalwoodcg@amazon.co.uk
Ardenia,Eliesco,aeliescoch@bloglines.com
Tabb,Dineges,tdinegesci@wikia.com
Luise,Winram,lwinramcj@google.ru
Hollis,Guild,hguildck@livejournal.com
Walt,Wayman,wwaymancl@cnn.com
Rosy,Cardenoza,rcardenozacm@jigsy.com
Meryl,Thickett,mthickettcn@google.nl
Teresa,Andrini,tandrinico@indiegogo.com
Hortense,Radbourn,hradbourncp@jalbum.net
Ripley,Brahams,rbrahamscq@eventbrite.com
Bryan,Cornejo,bcornejocr@ehow.com
Roma,Woodger,rwoodgercs@vimeo.com
Bernie,Charley,bcharleyct@mashable.com
Alyson,Brandenburg,abrandenburgcu@ihg.com
Marcelle,Babonau,mbabonaucv@ed.gov
Lorita,Casterot,lcasterotcw@cnbc.com
Rudd,Sackler,rsacklercx@washingtonpost.com
Alyda,Wogdon,awogdoncy@techcrunch.com
Danell,Ketteman,dkettemancz@uiuc.edu
Viola,Barendtsen,vbarendtsend0@nsw.gov.au
Eli,Peckham,epeckhamd1@tripadvisor.com
Mathilda,Zamora,mzamorad2@barnesandnoble.com
Zackariah,Breyt,zbreytd3@scribd.com
Octavia,felip,ofelipd4@weather.com
Edsel,Tallman,etallmand5@hugedomains.com
Adria,Szymczyk,aszymczykd6@independent.co.uk
Weylin,MacFarland,wmacfarlandd7@msu.edu
Link,Djekovic,ldjekovicd8@bigcartel.com
Jeffry,Norsworthy,jnorsworthyd9@livejournal.com
Nyssa,Antonik,nantonikda@shareasale.com
Francoise,Tourmell,ftourmelldb@timesonline.co.uk
Karole,Clemintoni,kclemintonidc@nhs.uk
Letty,Sterley,lsterleydd@slideshare.net
Holt,Yeldon,hyeldonde@skype.com
Anthia,Constantine,aconstantinedf@state.tx.us
Rea,Lummus,rlummusdg@ucla.edu
Maria,Farncombe,mfarncombedh@dagondesign.com
Dodie,Berdale,dberdaledi@java.com
Nevile,Ollarenshaw,nollarenshawdj@squarespace.com
Melva,McKevin,mmckevindk@fema.gov
Avie,Littlekit,alittlekitdl@histats.com
Alia,Reinhardt,areinhardtdm@netlog.com
Madeleine,Conichie,mconichiedn@netscape.com
Ralf,Normant,rnormantdo@usatoday.com
Mela,Bucknall,mbucknalldp@webs.com
Dede,Marval,dmarvaldq@cnet.com
Joane,Towne,jtownedr@wunderground.com
Ambrosius,Ballister,aballisterds@scribd.com
Stanly,Vreede,svreededt@parallels.com
Wilie,Crilly,wcrillydu@gnu.org
Terrye,Thomsson,tthomssondv@edublogs.org
Delbert,Crampsey,dcrampseydw@weather.com
Patrice,O´Dowling,podowlingdx@icq.com
Olga,Algy,oalgydy@mozilla.org
Carolus,Petracek,cpetracekdz@github.com
Zebulen,Facher,zfachere0@utexas.edu
Edlin,Cobelli,ecobellie1@blogger.com
Duky,Esler,deslere2@mac.com
Milissent,Aspray,maspraye3@wp.com
Loreen,Drei,ldreie4@fastcompany.com
Saxon,Burniston,sburnistone5@cam.ac.uk
Aubry,Bellerby,abellerbye6@1und1.de
Loralyn,Everitt,leveritte7@apache.org
Maren,Cheater,mcheatere8@networkadvertising.org
Nowell,Topliss,ntoplisse9@sfgate.com
Rahal,Stovold,rstovoldea@uiuc.edu
Elaina,Moakes,emoakeseb@tmall.com
Liz,Colvin,lcolvinec@fda.gov
Lina,Eyles,leylesed@zdnet.com
Agathe,Golling,agollingee@pen.io
Charlena,Filippi,cfilippief@jiathis.com
Gabi,Tuke,gtukeeg@canalblog.com
Prent,Matula,pmatulaeh@adobe.com
Adam,Endicott,aendicottei@google.cn
Kimberly,Blowing,kblowingej@google.cn
Taryn,Grebert,tgrebertek@vimeo.com
Conrado,Ioannidis,cioannidisel@salon.com
Karolina,Fidele,kfideleem@blogspot.com
Catlin,Kuschel,ckuschelen@t-online.de
Avigdor,Banbrook,abanbrookeo@cbslocal.com
Karlotta,Brydone,kbrydoneep@typepad.com
Trudie,Semper,tsempereq@xinhuanet.com
Dallas,Derrell,dderreller@wiley.com
Jessamyn,Davana,jdavanaes@tamu.edu
Daveen,Siberry,dsiberryet@cisco.com
Kaia,Claiden,kclaideneu@w3.org
Nichol,Crowcroft,ncrowcroftev@deviantart.com
Emmeline,Botcherby,ebotcherbyew@twitpic.com
Franz,Gettings,fgettingsex@odnoklassniki.ru
Daven,Bransgrove,dbransgroveey@issuu.com
Herminia,Wollard,hwollardez@studiopress.com
Rube,Grishin,rgrishinf0@sohu.com
Cirilo,Tixier,ctixierf1@slideshare.net
Remus,Kinsley,rkinsleyf2@ft.com
Hart,Rizon,hrizonf3@google.co.jp
Elias,Hillhouse,ehillhousef4@ow.ly
Cheryl,Ridsdell,cridsdellf5@amazon.co.jp
Wolfy,Slee,wsleef6@sakura.ne.jp
Garrik,Mattin,gmattinf7@columbia.edu
Quinton,Chern,qchernf8@sfgate.com
Lyon,Mousby,lmousbyf9@tmall.com
Andree,Hansel,ahanselfa@cnbc.com
Karol,Dufty,kduftyfb@kickstarter.com
Donnie,Trayte,dtraytefc@vinaora.com
Johann,Cornels,jcornelsfd@twitpic.com
Kaitlynn,Springate,kspringatefe@jiathis.com
Giustino,Braddock,gbraddockff@nationalgeographic.com
Silas,Clementet,sclementetfg@marriott.com
Osbert,Baxill,obaxillfh@youtube.com
Wakefield,Allward,wallwardfi@jimdo.com
Tansy,Stenners,tstennersfj@weebly.com
Grant,Adelberg,gadelbergfk@upenn.edu
Blanca,McCumskay,bmccumskayfl@eepurl.com
Corina,Denisot,cdenisotfm@wunderground.com
Jackie,Barrable,jbarrablefn@skyrock.com
Adrian,Marchello,amarchellofo@wikispaces.com
Bellanca,Ingleby,binglebyfp@nasa.gov
Buddie,Odams,bodamsfq@elpais.com
Anjanette,Ivashkov,aivashkovfr@springer.com
Maridel,Enrigo,menrigofs@ow.ly
Joycelin,MacCheyne,jmaccheyneft@purevolume.com
Cristie,Wisson,cwissonfu@sakura.ne.jp
Shanan,Hinrichsen,shinrichsenfv@wired.com
Shalna,Strewther,sstrewtherfw@ow.ly
Nathalia,MacKenny,nmackennyfx@craigslist.org
Llewellyn,Golbourn,lgolbournfy@paginegialle.it
Konrad,Kew,kkewfz@tumblr.com
Dinah,Wrout,dwroutg0@twitter.com
Bevvy,Plessing,bplessingg1@rambler.ru
Nike,Seleway,nselewayg2@issuu.com
Christoper,Elphey,celpheyg3@gov.uk
Christel,Sergent,csergentg4@barnesandnoble.com
Cal,Siebert,csiebertg5@bing.com
Almeria,Jeannequin,ajeannequing6@163.com
Jodie,Yewdale,jyewdaleg7@lulu.com
Merrilee,Prescot,mprescotg8@marriott.com
Franky,Buncher,fbuncherg9@princeton.edu
El,Wile,ewilega@zimbio.com
Lorilee,Roullier,lroulliergb@mayoclinic.com
Tessy,Heaphy,theaphygc@icio.us
Myrwyn,O´Kelly,mokellygd@yellowbook.com
Seward,McGarvey,smcgarveyge@yahoo.co.jp
Luciana,Grubbe,lgrubbegf@epa.gov
Maurizio,Rackam,mrackamgg@godaddy.com
Nikki,Torres,ntorresgh@apache.org
Maxi,Callow,mcallowgi@youtu.be
Lindy,Thistleton,lthistletongj@smh.com.au
Abner,Danielsky,adanielskygk@imgur.com
Viviene,Grinyov,vgrinyovgl@topsy.com
Winne,Airey,waireygm@pinterest.com
Reinald,Jeavon,rjeavongn@csmonitor.com
Lynnelle,Sayce,lsaycego@noaa.gov
Ollie,Schlagh,oschlaghgp@51.la
Heddie,Towne,htownegq@jimdo.com
Ernie,Ridde,eriddegr@nydailynews.com
Matias,Wignall,mwignallgs@fema.gov
Anders,Dyke,adykegt@1688.com
Hazel,Search,hsearchgu@blogtalkradio.com
Bob,Boyes,bboyesgv@epa.gov
Armando,Barette,abarettegw@wunderground.com
Lucinda,Gherardelli,lgherardelligx@de.vu
Francisca,McKeady,fmckeadygy@bing.com
Abeu,Chatelot,achatelotgz@google.nl
Jonis,Byforth,jbyforthh0@yale.edu
Hedvige,Bottrell,hbottrellh1@nba.com
Marris,Koppe,mkoppeh2@yandex.ru
Kellen,Perri,kperrih3@istockphoto.com
Ralf,Franies,rfraniesh4@skype.com
Annadiane,Franchi,afranchih5@msu.edu
Eb,Skalls,eskallsh6@huffingtonpost.com
Bobbe,Woolcocks,bwoolcocksh7@globo.com
Humphrey,Elsbury,helsburyh8@bandcamp.com
Skelly,Reims,sreimsh9@weather.com
Neel,Callaway,ncallawayha@cnet.com
Adela,Ettridge,aettridgehb@army.mil
Janey,Hastings,jhastingshc@wunderground.com
Sayers,Brugsma,sbrugsmahd@shutterfly.com
Dniren,Matheson,dmathesonhe@drupal.org
Kelwin,Titcomb,ktitcombhf@who.int
Tedd,Vassay,tvassayhg@naver.com
Rodrigo,Wiggington,rwiggingtonhh@artisteer.com
Corissa,Wardell,cwardellhi@cdc.gov
Tristam,Kilfedder,tkilfedderhj@imageshack.us
Drona,Popplestone,dpopplestonehk@patch.com
Valery,Allard,vallardhl@biglobe.ne.jp
Linn,Coultas,lcoultashm@networksolutions.com
Courtnay,Connold,cconnoldhn@infoseek.co.jp
Tye,Grioli,tgrioliho@squidoo.com
Mandi,Deeves,mdeeveshp@jugem.jp
Libbie,Paybody,lpaybodyhq@mashable.com
Town,Margrem,tmargremhr@cpanel.net
Annissa,Guinane,aguinanehs@netlog.com
Merilyn,Niven,mnivenht@tumblr.com
Lombard,Spacey,lspaceyhu@plala.or.jp
Kristos,Couch,kcouchhv@wsj.com
Jenn,Brumham,jbrumhamhw@senate.gov
Ellary,Eastwell,eeastwellhx@salon.com
Noll,McKinna,nmckinnahy@nytimes.com
Laurence,Duffy,lduffyhz@nsw.gov.au
Bartram,Jeans,bjeansi0@yolasite.com
Stephanus,Weddeburn - Scrimgeour,sweddeburnscrimgeouri1@intel.com
